景點名稱,地址,x,y,照片,景點介紹
新竹州廳—新竹市政府,新竹市中正路120號,24.807126,120.969623,http://tourism.hccg.org.tw/tourism555/program_img/hot/hotL/2015030314373338522.jpeg,新竹州廳建於1925年，建築形式為和洋混合風格，是當時常用建築風格。正門玄關採用雙柱式門廊搭配兩側小塔樓，頗有氣勢。大廳內的洋式拱廊與羅馬柱十分氣派，翼樓突出的量體增加了穩重感，整體形式視野開闊，氣勢磅礡。
都城隍廟,新竹市中山路75號,24.804409,120.966565,http://tourism.hccg.org.tw/tourism555/program_img/hot/hotL/2015010913313726271.jpeg,為三級古蹟，與竹蓮寺、外天后宮並稱為新竹三大廟宇，建築規模宏大，本體採三殿式，龍柱、石獅大門上方八卦藻井都是一代名匠所造，大殿上懸掛的「金門保障」匾額，為清光緒帝所賜，是全台位階最高的城隍爺。
新竹驛—新竹火車站,新竹市中華路二段445號,24.804019,120.975073,http://tourism.hccg.org.tw/tourism555/program_img/hot/hotL/2015010913073317576.jpeg,新竹百年老車站建於1913年，由留學德國的日本人松ケ崎萬長設計，是一座混合式的西洋建築，新竹驛呈現德國近代建築風采，主要採德式歌德建築元素，但也具有部分巴洛克建築風格，迥異於同時期其他官廳建築，是鐵道建築中的經典。
香山火車站,新竹市中華路5段349巷2弄7號,24.76333,120.914253,http://tourism.hccg.org.tw/tourism555/program_img/hot/hotL/2015030315012330759.jpeg,香山驛建於1928年，是西部鐵道幹線碩果僅存的木造火車站之一，以阿里山運來的檜木，建造純日式風格建築，至今依然保存完好。雖然候車空間狹小，但與當地人生活息息相關，成為香山人記憶中不可或缺的建築。
十八尖山,新竹市寶山路與博愛路,24.795407,120.987486,https://lh6.googleusercontent.com/-h8JKMsvg660/V7ox3fyFqGI/AAAAAAAAClY/fupENWErMQEDNgF1jYAzJm9YanBqVIKYgCJkC/w266-h200-k-no/,小巧的十八尖山為小百岳之一，是昭和2年開闢，十八尖山路線圖呈新月形，漫山蜿蜒約7、8公里，環繞了新竹市東南郊。十八尖山是確實有十八個淺淺的尖山頭，沿途遍山茂林與花卉，夾道飄香，是市民運動休閒的路線。十八尖山有多座涼亭，幸福亭是一座造型典雅的六角亭，介壽亭則位在最高點，山林內有33尊石觀音雕像（現存24座），是台灣修建最早的森林公園。每年3月舉辦十八尖山賞花活動，每逢花季盛開，如茶花、杜鵑花、杏花與桃花、桂花等，景致迷人。
高峰植物園,新竹市東區寶山路仙宮里9鄰,24.78822,120.983055,https://lh3.googleusercontent.com/-hHevGmjC6kE/WgmpYgXe5WI/AAAAAAABEnY/6yiAqYciBng6UexBN5Voc6HfOSCxrUg5ACLIBGAYYCw/w355-h200-k-no/,高峰植物園設於1932年日治時代，原名「新竹州立赤土崎林業試驗場」，佔地二、三十公頃，培育多種本土植物及外來樹種，計有342種植物，目前並已發現40種鳥類及20種蟲類，四季還有候鳥行經或留鳥棲息，擁有豐美生態體系。 園內林相保留原始風貌，竹蓮步道、竹林步道、健康步道也以質樸的泥徑小路，讓遊客親近大自然原味。依著導覽地圖、路標指示，可隨興選擇大圈或小圈的環形路線隨興遊賞，漫步約一小時可輕鬆走一圈，在步道兩側的植物解說牌導引下，享受感性又知性的深度之旅。 植物園免費入園，園區少有人工鑿痕，處處是原始的野趣與幽靜，坡度和緩，健走林中，閒適又安全，宜養生健走、踏青休閒、快樂親子遊。
青青草原,新竹市元培街往香山中學方向(沿路有標示) 新竹市大湖路167巷(靠近中華大學沿路有標示),24.772888,120.925803,http://www.cingjing.gov.tw/upload/grass_b/c7c860cb7eb08a85e1db34ccd68b0891.jpg,青青草原位於香山丘陵內，保有牧草區與林像，是新竹市難得的自然山林。這一片一望無際翠綠的大草原有油桐植栽，黑板樹植栽、休憩涼亭，是踏青及放風箏的好所在。
青青草原溜滑梯,新竹市草原路青青草原入口處,24.772367,120.926135,https://lh4.googleusercontent.com/proxy/xwLJ8kTd2DtdaEWEU9za72Fn2lyC4-lrdX7B1qyym1fL_bIj5moJRNjKtc3U9Ml7LfjtB3DiXR6u-yw4nepbFqlsu8bUzyDTEkR4Ir0zpHNRV5rbf9ohtTI1a3jcuBUQlJSAjJ5NJsrnZggKlMnDfEzQSBcUVg=w267-h200-k-no,戶外兒童遊樂場 「北台灣最長磨石子溜滑梯」在青青草原！青青草原草原路入口區配合山丘地形，打造戶外兒童遊樂場設置探索區與賞鳥教育區，設置有四座大型磨石子彩色溜滑梯，溜滑梯最長滑道總長約54公尺，為北台灣最長磨石子溜滑梯。探索區除溜滑梯外並有兒童爬網、賞鳥樹屋、兒童傳聲筒等遊樂設施，小朋友奔跑在木平台階梯，由戶外溜滑梯高處滑下可觀賞五色鳥、紅嘴黑鵯、喜鵲等，為最大、最有趣的自然生態兒童遊樂場，可為大朋友、小朋友帶來高探索性的豐富遊樂體驗。
青草湖,新竹市明湖路775巷,24.775097,120.971259,http://img3.okgo.tw/titlepic/b603_2.jpg,青草湖曾為重要水庫，新竹市政府於民國96年以杭州西湖為藍圖，徹底改造青草湖，形成小西湖的景致。環湖步道串聯了周邊風景，靈隱寺、鳳凰橋、映月橋、于飛島等景點，很適合慢步或單車環湖。
十七公里海岸風景區,東西向快速道路西端終點附近，頭前溪橋出海口,24.846473,120.926935,https://lh5.googleusercontent.com/-6qq9oindfjw/V_sScnpkYsI/AAAAAAAAx8E/bHpIs9_Lyp8_9eMJPBMuOqOwUlc5CyMwgCJkC/w266-h200-k-no/,新竹沿海蔚藍海岸線十七公里處，上千公頃的潮間帶，是北台灣最大的海濱溼地，孕育了大量的蝦蟹螺貝類，漁產豐富的新竹漁港，除了嘗海鮮、放風箏、欣賞港口各式漁船美景之外，也能騎鐵馬欣賞沿途怡人的風光。而紅樹林公園、金城湖賞鳥區、賞鳥棧道，則富含各種生態風貌，客雅溪口潮間帶留鳥與候鳥時時流連，騎著自行車在海邊逐風而行，或是晨起賞鳥暮映落日，是假日舒適的好去處。香山濕地自然生態區、美山蔚藍海岸區、海山漁港等地，遍地的招潮蟹與和尚蟹，是極富樂趣與教育意義的親子戲水弄潮天堂。
護城河,從林森路至中央路,24.806663,120.971186,http://www.vrwalker.net/public/sceneryfiles/682/682_6622_1278402080.jpg,護城河有塞納河美稱，東門城古蹟保存著建城的古風，河畔周邊充滿人文氣息，與舒適的綠意步道，沿著河畔可漫遊市區欣賞日據時期古建築群。
新竹公園,新竹市東大路一段2號,24.800706,120.977423,http://tourism.hccg.org.tw/tourism555/program_img/hot/hotL/2015032015020396230.jpeg,新竹公園佔地18公頃，舊稱中山公園，又名公二公園，創建於西元1916年。新竹公園距離火車站只有十分鐘的路程，是新竹市民休閒運動的最佳去處，公園內綠樹成蔭，蒼松翠柏，還有麗池湖畔、日式料亭、體育場、游泳池等，兼具休閒、運動、人文、歷史機能。
新竹市立動物園,新竹市博愛街111號,24.800478,120.979768,https://lh4.googleusercontent.com/proxy/G39NQwEJa0Kbkr4BgjzLeR1kZVbNWi3TdFPWzraG-4c_LTpCxIlC2LXzdS3wuq-4Q52azlEWRJD5hsLKySqkqIJJD-sp8BrD7anOFI5mQE7PN-HAsrXeiTqs7njdu0p640BXb3S_E5s_Y1rPDOrbEafcm4jO0A=w301-h200-k-no,新竹市立動物園創園於1936年，為全台現址最老也最迷你的動物園。除了每年為約40萬的參觀人提供社會教育的功能外，動物園本身也是大新竹地區孩童們重要的共同記憶之所在。此外，新竹市立動物園位於新竹市中心的新竹公園內，為市民所喜愛的休閒活動空間。除了教育遊憩的功能也以動物保育及環境教育為使命。 可愛之家，這裡住的動物溫馴可愛，都是小朋友們喜愛的動物。牛、羊、馬、孔雀和雞等各種農場動物，還有可愛的小兔子，讓這個大家庭成為名符其實的可愛動物園地。 鹿的樂園，鹿科動物的樂園，有樹、有山坡和水池。雄鹿氣宇軒昂、每年換角，雌鹿小巧可愛、喜歡接近人。造訪這裡請不要隨便餵食，以免鹿兒吃壞肚子。
新竹漁港,新竹市北區、頭前溪出海口南側,24.851194,120.921014,http://tourism.hccg.org.tw/tourism555/program_img/hot/hotL/2015030916224520029.jpeg,新竹南寮漁港最早位於現在舊漁港的十七公里海岸所在地，因流砂淤塞遷移而另建新港，舊漁港至今仍保留製冰廠及漁船出海時的加冰設備。漁港內聚集海味珍饌的地方是新竹漁港直銷中心，隨著季節捕獲的當令海鮮天天上岸，吸引人潮品嚐海鮮、購買漁獲。 另外漁港內公共設施十分完善，無論是道路交通、公用事業設施都已經相當完備。由於近年來，台灣休閒漁業及海上觀光休憩活動越來越盛行，因此市政府規劃了娛樂漁船及運動公園，讓新竹漁港兼具發展休閒漁業及多元化使用的功能。
中央公園,新竹市東大路與中央路口,24.80795,120.972989,https://lh3.googleusercontent.com/-SQuvLh6RCXs/V8-FzTvZHHI/AAAAAAAAOk0/qLFlzxEAxVMhVQdtkVI_6yDiRKM2asMHwCJkC/w266-h200-k-no/,中央公園獨特親子遊樂空間，非罐頭化遊樂設施，包括「地景式溜滑梯」及「碗狀型可躺式盪鞦韆」等，保留許多市民難忘的共同回憶─磨石子溜滑梯，新舊融合，期盼爸媽帶著孩子們來玩時，也能回味自己的童年時光。 中央公園新設置融合「動態體驗」與「探索學習」的特色親子遊樂區，小朋友可在草坪上開心奔跑，到了草坪至高點再由溜滑梯滑入沙坑，也可在沙坑上玩沙，旁邊也增設兩座洗手台，讓家長們不用擔心孩子玩得手腳髒兮兮。草坡後方則保留原有的老樹，龍眼、芒果樹是兒童生態探索的最佳去處，家長有專屬的觀察休憩座椅與木平台，各出入口也設置無障礙步道提供不同殘障的兒童或老人進入公園的通用設計。
看海公園,新竹漁港南側,24.836302,120.918469,http://tourism.hccg.org.tw/tourism555/program_img/hot/hotL/2015030916245325457.jpeg,北起南寮，南至南港，沿著新竹十七公里海岸線迎風向海，欣賞海水正藍的絕佳玩法是騎著自行車出發，是新竹最夯的樂活旅遊路線，沿岸美景如散落海岸的珍珠，三五好友一輛鐵騎遍遊海岸線，暖春、初夏、早秋造訪別有不同風貌。 看海公園位於環保教育館北側，原為垃圾填起高地，具有看海之良好視野。經過市府垃圾掩埋場復育工程之改善，鋪設平整的草地及景觀燈，使其成為一個辦理大型音樂活動，休憩散心的場所，尤其適合放風箏、操作遙控飛機、丟飛盤的親子活動，成為例假日民眾休閒的好去處。看海公園為保有欣賞海景的良好視野及與海景相互融合之景觀，故以大片的草原，為該公園最主要的地貌。在此，不管任何地點，皆可輕鬆俯瞰海景及新竹漁港，為海八景中最無空間壓力之看海據點，尤其每逢夕陽西下時分，晚霞遍布眼前，美景令人讚嘆。
香山濕地,新竹市西濱快速道路風情海岸,24.76665,120.904795,https://lh3.googleusercontent.com/-5xq9wQ5QBGA/WSmkEKGXsWI/AAAAAAACmHo/1FyEjx68XhQbXwlj5o6gcomUfy7YWAvHgCLIB/w355-h200-k-no/,香山濕地生態豐富，是台灣沿海和尚蟹、招潮蟹族群最繁盛的泥灘地，更是國際鳥盟標誌重要野鳥保育棲地。香山也是北台灣最大的蚵場，更是台灣牡蠣養殖的北限，一望無際的濕地遠處可見成列的風力發電風車，傍晚落日霞光映照，是絕美景色。
金城湖賞鳥,新竹市海埔路右轉直行可抵金城橋,24.810116,120.910668,"data:image/jpeg;base64,/9j/4AAQSkZJRgABAQAAAQABAAD/2wCEAAkGBxMTEhUTExMWFhUWFxsYGBgYGBoYGhsaGhcXGBobHxsaICogGxolHxgXIjEhJSkrLi4vGh8zODMsNygtLisBCgoKDg0OGhAQGy0lICYtLS0tLS0vNS0tLS0tLS0tLS0tLS0tLS0tLS0tLS0tLS0tLS0tLS0tLS0tLS0tLS0tLf/AABEIALcBEwMBIgACEQEDEQH/xAAbAAACAwEBAQAAAAAAAAAAAAADBAECBQAGB//EAEcQAAECBAMGAwUFBgYBAQkAAAECEQADITEEEkEiUWFxgZEFobEGEzLB8EJS0eHxFBVicoKSIzNTorLSwpMWJDRDY3N0g5T/xAAaAQEBAQEBAQEAAAAAAAAAAAAAAQIDBAUG/8QALhEAAgEDAwMEAgEDBQAAAAAAAAECAxETEiFRBBRBBTFSkSJhoRUyQiNiceHw/9oADAMBAAIRAxEAPwDwWBnkFINMpJcWerV5Zrxs4dBMsqNSFFVbCgIvc3DQPBezk73hUMoSp3epAKuJpSNj90K2gMhJUoDkpVuQbsY8cprksTCxuMyhgo5kkOzg1pu4+m+OxE2ZkQhw5zUY1dQbTiz8Y3V+Eq94rZQQVJIckppUngbisTivDFqy5SElFTfKQEEg7qFqcO8U0a35MyQQxQFMuWih+KtrNdj0rAM6ihKCWKRppraxV+Ma6fAVGWhKiMzpKlAnaUAAabiXLczcRoDwhSEhICXUxUrjwpaz2hrRlxueRkeEKVNygHKMu0S7khWYlwHLgU5RsnBMq+VhexBUanM9BcNR+0bOCwxMx1AD/FJ3UJpa9KwPFYDMkipCljacPQHuIjndhQXuY4koCSKK2goKNDUhNdXavSFMJ4WpmClMHzO5BBIoBwzGp+7HoVeHukvVyC4FgCD+IhiVgQihFGduJO7dTrE1E0Iwp0tlsBVHw0o4Bcn6qeVXPfAIdRoVAAAVsCzDTjwrDc7w4KJIV8baP8JJ66dxDK8JsnKLgsLdeFiIakajBI8wcWRMyGqQH30DgDlVuojQCwAkS0s4cGrlxVnoLJ7xpYzw4KmJmZXZGVgABck0MXwnhhBID7xbR9kbqgfVYrkjSieX8UxmSYEyQk5GSm6yCHEwkVcv1d4ZmmYgkaZQqjVUaPvABfyjekeEMVEs9VAi+4jvXmIHO8OWVXfacc3Tv3Elqaw1IaWYCVzDLSzgnN8RIZLC4s7vTQQ2UUogbbEhyak0sLPm3RtzfDR7sBIdgokFtFFRvvJ8hFB4cMrOX2XAUQabTDuYazaW5iSZ6jTIEFJygBnNuD3zEQ2EFIyuSxbnRJfMBw13xqqwGVJKQCqjhhcC1qixgszCApCjUUIA1dTmgiORdJh4mUUzWYjMgzEsS2yA451oOLwadJCdmiiC1nUwCRTdUacI0p2BKlBQSQ4NLaAcGJZ4OcHqwVoeWpDXqBTRoaipGFLwgBy2zJJScoNWBDbrkUaAyMGDQkkFLOzlgSbaG1I9OmTmmJcWAVm0TQhknWsQiSGJVQqCRxcEk67ye9YmoWR5qThVFZzJSWDqBY/dYu17NyhidhFfYFKvl0qWHNge8by5KHJLtelARla1mtTtAlSgCq2VYZLCta1o2+++GoijFGJhsGVFIJAOVRveoo9gdxMcjCLWQkuMwoAwAYu5f7IBD89Y2RKypAIBLnSlTuvui4WylEiqSKmzGt/5qdBSGommJjS/DwlaSs0LkkWAJJFDuS8OzFJUoKcAMQwuKUP/AB+rWVOSo5EKKixBcULE6szsWHKHl4NylmrQg7vh0116Q1BNGNNQFpqKWYpt8Rtrq14BhiJZSopYZnAuACX3UDaRrHCqCQl2Nn3kZvz76RM3BgNRypATwvXpUVhqGpGThZKc6gRlSy/M2bT8oBNSQEgMxDCjB2I0G5uFo1pGFZagScqtpJ1Dk07DyiZiDlACWOYUuGDCgNtfzi3CtYyilVPhsLvuEdDSEZQBduI6R0LmtSBycX9fXpBfebi+v1xjOHh8wmmKNBZhu3ZYIrCTaNiLBqpG5n+GO3Y1/ieDNDkcViDQVA5Ugn7QbcN1N8InBzDT34qPu8OUVRgpgL+/TT+DnDsa/wARmhyOoxC61uH0AFYLLxShUqJ5b9YQThZhd5ssm4eWREnDTSQ0+UBuyqr5w7Kv8S548minGguE1YMHALUIiJWIIcUIpRt35QgvCTTadLHJKuP5RGHws0Jb3qD/AH7/AFh2Vb4jPHk0Tig3EV9H+uEXTjnTtBifIXJffCMtE16rlnczjfFCme3xSX3sfq0Ts6/xZM8eTQRjA5YDtx+h2i6PEQosE2oXBHFw97xjSkYoKDzJBAdwARBk+/evuW4FQr1tB9FW+Jc0eUaSsW7uCALfgO0R+25NoOd1H13dYzpaJwdxKJ02iKRdKZ72l/3n8InaVviwq0eUaA8RrZrNTXXpEftpztccGpV/P5QjNRiLJRLIO9evYxX3eKf4JNvvseGkO0rfFjOuUaR8SOUJeupN6P8AOKK8TVUDVtr6vSkITpWKY5USnqzrB5XESmXiNZUq4fbBproHh2tb4M1nXK+x9ePJoCxAreo58WFYsnGqLsoZadrtyhJSZ/3En+tIr5xC/wBo/wBJJ/8A2D8Iz29b4P6GZcr7NaT4m4IzAt6VbpUxZOPUAAG319IxVS5tWk6WExI9GMGShd/c1/mSQPOJ29X4v6Kqy5X2bf7xNyEs3ztWF5mJB3Rm4dCnOaWsbtpJ8s1IKSf9OY3NJ+cTBV+L+i5U/K+0OrxIVRmZhTg7W0vHe+Arc0vfhGYJAv7tbto3Z3iFprREzqPxhhq/F/RMq/X2akzEm4ZxcP8AW+OM80O4tTqet/KMwyaPkW+oIt1ipw7VyqNDZPCJhqfF/QypGioB0qSQCg5soGjGnFiPWGJOPHxE1YFupB627RkJQQLL7RUpJuhbN90NDFU+L+i5UaE3EJah4g7qfrFxjQdWSwDN0jL92QSQhZHLgIGtKsw2JlOF2572EMVT4v6JlRrmftE6aef4mB4jFhRDGocAs9/0jPlZyQDLUBV3FvowTCICc4KVtlUxIJIPBrE1tDFU+L+jSmn5CLlL0Vu3DS0dAE44EVzv/LM0puEdFxy4/g6bciqMPwctuNzTvFZMhRf4RwBBPmfKDzsKU/ZW17+T0VeKzZa6MlanIf8Ah7ho/VHxAS0aAAjfuL3o8ERKDgFLn+HnxbhrBUBYdwsFmGyGbllZ+cXmqYDZelmS9OADtc0MAAVKSklwXY/CCrXjELSAQkghR7/lfd3i0tWUOK6gg5QOaSo+hgisYKAEEkOAFJfiwuf6ooFlEVFSWsKkflS/lFxLZgQa1sX9G7Q0melqhQ3EkVeuh8jFkYRc0rVKUCU7S2AUQLWctwDb90RtLdhbia8t3LOwtTmLxIkk2XrpVukMKmg7KgRS1ifJtNYonEJTQbIqHU2Wm427DSKDvc1qSRbQHyoIlEomhcBnD7+GpjiwGZQq9CCOjW8ohMxD0CnBNSsf8VGoikLJwjk1LgcKcbRZeDKftOaa13QuGAGpI2docRagHJ4MkIZsqlHek9xmSz9SYAunDLepAOl66GLCWpxVxvDs72P6REoEl9sJFGKRxrWoBiPd2UVMXq6klx16UpABpaFVGr2Li/Bw94lUpQ1HJ+NTU2vC6p1QyTZy6AlJYihLB4KxOqeLBwLMPioIoJWSGoSd4DjsNPOOAVuenBvwgagvKQFvq6qE002fLziqZrmsw0oUgEA6XPy3wFhko0YPyaKLfgObsDxZNDAziF0GYJJpRn7OHaDOoVKkkDgQfIs3SAOCV2ID8jXz9InPvYX1BZusTVWylYD6huf0IECAWKkA6liDx3js0AWCqcfrUFosVKLlmAbqOBcQL3gqykka5iq/AEMR0ikvEuGK0hnGU6dz8oCw4ApnGu+l+bwOaohq8y3zsT0haW6QSFoLv8V+mWggqZ2ZjsHK7spSiP6O2sQWDjMajoaV8ooqaeFrsG/WAAqvZtbg9lOnlUQNavvCrULM/IiAsNImKL2A6cbNETMSqlxySo/lAJmKAGXLLdqsoEAbmcHrWIw8wlT5Usf4rbtflAthtM0k0Fr6NrrrHftBdqfjTiIGian7IDm7lmDV+zX6rApalswBsybOKUJ2QQ/GAHUz/wD7f+z8YiE0pUAAUVYO60g9o6IU1Jqkam99oP6wlMTLT8BWCqj5gTwu9IyCNkFw3ahP66wNQBb1duT/AFrHxV6vZf2/z/0eh9N+zV94oJpMPGqD6NAV4hYZ5xINBQAB+vyhUrKQAHLb3bnFZIocyQC/md0dY+rU37poy+nkFT4hMQ+2CHqT7svz2IpN8XVUkItohBPbK3kRBDKl0/w0NqwAI32sYoqUhR2bAc2pa+vCOy9RoP8AyJhlwDw3iy/9OW24pSCeyQI3fDJn+BiVFFvdGoJGbMpI1sxVakYwlJszAkWoRxA5R6HxnGYb9jGFwyVgZgtc1YYlQFyxqXPIRX11GytIsaT3MNfiCnb3UtrkgX0t+cUXjJbMJSCX3pPkdYFJwGpNa3DWO5xWLDCqLpzJAuCyuxYl+2sdY9XRlspI542vBKcZKCcpkAVf4gA3SKoxyQHyJJemYgcbjpxiisIuwyjiMwv/AENFJmDmV2cxuNfQDThHZTT9mSwycbLUAfcMTuUpvJN4lU2X/pLUngbW3pp+UKkrADoW/AWrxDwmuYpRoCCD9015Zaxq4sawxMpKU/4ZSLgZUk9yPlF04yUS+VZozgpNN1gNbxhpKnLhZ1qg9rEt3iwmLO0pKjRiSFDfy3xNRdJuDFyapKJgBs1m6QY4mSrZ2gGYEZe1Q/ePNzEfwECxcOD1yn5xfJup/SR6pHlDUTSegkz05WKt+0Q16UL3iSQoMqYgvTaCieVi/wCkeaTNIObfuTX66ReZPJSHvarjzr3/AEhqGk9AU4cBhMy1JLIL92/CJEyQwAnOGuHrWxYl484VqNs5sLu7HzipWCfiIe1gexT+MNRdJ6orlKORMx+mZiP5hFUe7sqYw4pDkdg3nHmg6agu/H9R5ARadjlmhLBqM3qxhqJpPQnEJzEJnhQ1GZNvrcRFQmSt8pS5DuVJ52JJjzkqasAijO7kknuRSLqL0ckCxK2DnkfKkNRdJ6VeKQkMZksmxGdCS3kPOE/2Ra9rMlL6Ca723lurRjy8SoKA2dC7tT5n8IjEqz3IDblsN9wr5awcgonqFYYkMpSaUcHMfRmi2HwiE0zgk6EgPewYV7x4+ZOVQEoA35sxbqkgReVjFMdo5U2IXX0Dcoa0NDPTLwK1EDO7fxoflRiYb/ZZjMQS1qsOmkeSVimJYglgKqcCpLsbHvFFYxRA2pYroPVr9+0NQ0npsVgJigMssuD98J7k5oQneGrzZlpUlYIFDnH+4ARnnHKI2pqUtRsx9Eqb1gX7UpRb3gVqwUXG7WDaKkzdKZ+hQ3X5KaOjAX4xMBIzTek0gds0TGdSLpZprIZyeDGxvv6xQKBAIv1qBYbh9cIKiTcjjfh8jT6MXw8skF95LA3AFuHTQCPyJ7tEgZUp1M3I6gU136covhySa6tU6aU3wVCQUh0nMS56C35ceEDVLUMzZXSHyvSpYB+bdmhYuiRK0igYKt5D8oHKSkF2tq/B2A+tYqMRt5GZmcNcqSClzuqD23wzKAKHvRzTe9R9aiFrDHIgTSxOXQfXpADNLuyncilBaLYuYEPnUlOt22Rl32uYWmeIIDJSUigNT95qngLNx4QSGOQ2mcWHHed9BEozkaGp3OzcN0II8YQCSSwGu+uWg3cXjj4rLAz5ksogBtzpB4Uf/bGtL4GOQ+M1cw0oxfeYqJPCzmnX8fOKK8VkiW+dIIalCez7vlFU+IIa4IJIAffVPkIbjDIflLIt1ty7RQgsVEAmzsCe5EKTscEgZXYgBLOC+ZV36Xgf7wUaCWpWlBU/xA8a9uIjqqtbw39h9PzYfmquWTfRAJDWFuEVTh0ksUg1f4Q1TuhOROmFI/8Ad5pUMwDJdyGIvUgPDapc8glOGUDUAnKLWF7Gu/8ADtGp1T2TZnDDy0DmYYMXYA3o9tzctGigwss0KgeGUanXaeIPhGJmLsjKEFJdbOVO5a48meATPZnEEqKp8mW9SxJJIAA1DsBa1Y9cJ9a/H8HNwor/ACHML4UKjKlSRZmSRvBvpFU+HJS5Esg6MlKmpvJA60g/hvgqkHMvFJUPugJ3GxKi7liaRsLn4Zi4AF6N+LGPp9Pkcf8AVVmearpT/F3MAYBITmKGcirAg/2g79e8Sjw+RRSUuonNSVVraFvq0a87GpVacUo/lCk+YLQjMWgqdE1a20Ekt3yHyjtZHO7BTMDLZwABmuUJYDuD3iZXhUmjZVODtBPzSa+cOLw2qveNoPlWvlCmIkkkNLnEWuyexAfuIthciVhJCTUJD0rLUnX+NVTxiRhpO0ctAftZSA2rZgAIMlBJYySWrtFHW5c94vhJS2IKAKsAAlI33QSejQQFFYENTIddkJPIa74rLSpmCXJoWSPUuw/KD4iTO+zJD32gW40DBXWIl4qYLhb7k0HQZvnApX9mJqCcrMxQkgngUh/rWBjChDAS8oNcxCQewS78CYOuYtSWCCp7uovv/wBQU6xX9rCHGXKrUFZv/wCo7RAcjCMM52a/DlDeTGBTVEKDBdafChjxdQHYmCoBbNmUCf5lDo8xvOLInKBZ1CjjMkdLLoO8UHTQzWBN1KRK56GkAGCFzPFbj3Utu7Ui5xKwjMVTON8r72zE15QSXMdP2ireyqNw2i0QGZMkpBIM9IIvXD/OsdFpmKluazv6QAOgKYmMmwipoJAb4iwLWIBZusFkDIU1+y/MkDUHfXq0BR4UsLBE7Sj6Da4fxdw8Ew/s+r3hUmdooBJqAMoSGGodu8fllRb9j6t4e4cpSBRncs5YUSG+qXiVYSWzEsAS6nuxFa8T/thaR7KTSQZmIJ2iRskFqMSwvR6QVXsUCk5sSuoIoMt9XZ24R2XQ1TDrUi5w0osoJBzGjm4Uxq/W8d+6pJJzJVUJFJik0DBnB0GW/CAL9lin4Z81TWb3dDvDqB6ReV7MfChS8SEgNUyw7gJNQ7CibV5x0j0Ne+zMOvS8tmjh/BsEpObaLb5ila013ndDn/s7hAX9yolm+JVh1aEpXhMqUP8A5qtoEMSWCSCBsufOHD4qpA2ZJKAwqlabc7mPq0elSX5xR46la7/Bs5Pg2E/0GHGtuRNoBicDg3YS5birEkag2feBpA5vtCFDL7mj6lYD8gC/WJ/estgBnHAIms/PK5juunpfFHLLPlhgiTRsPLI5KfzRWLK9wGbDyg1ag0O8DJftC03xKSAAZigbs0xO/kIEvxKRVJxKE61mlB/5xpUqS8Imub8sJisXKJb3MsNX/LTrXcTqe8P4XFgAf4Zl0oUjTllpyjPlKkkbOJQqmsxwx4uYvKWQHE+SBvz38xG1GC9kiNyYzM8Uc7MxROre7f8A3EQWX4mkj/NBLWJST/s1hX9tA+KdKf8Anpw1MKzJ6VZiZkpiGzOgjpmFTGtjJqLxBLMZVn2kqf1hJeINf8sKsCJE1Qf+lX4Rn+5DkiakmgcGSLb6gwxLlpAK1TEKpc5WD8QYoHcMianWVWpaWtHrNiFYkttISk65lEDu5hALfYTMG9sxBI3guW7RUYc/amcgZ03Nf6sIAlCpq1M0lYc0Ewq8ykDpFj4fMzF0Sxvcq+SWhibiVpSzpow2ll9NVId+UC/bJtQVS2Z6KWonhUgU5xLFuVl4AsQEjoxHH7Q8xEIwZYn3eYaMF/8AZmgYnTT8JWRz+TsO0CWJjk5pp4BJd3+8zdogDAUOwEnjmAbeMxAhcqUzJlhQIsFqUOwJHpDwXOSAWmbWjIHkzxEyassTLmF9SA3Yg+QgUzUyco2ioP8AcJDcK30gc/DkvkmTFaFLuB0dz/abxpzU5iwlkn+VGU7y+Vz21gkpOY5VJHChNuab9hwhYXMRWGmD4gTuYTX8jSKGQp3UA28hQtvf5GNleDFTllniQlNbBzkp3hU4ecnZMpJTxJWB0TLqIy0aTAysMctAH0Pwjm4VUdYTKA5SZiAPtAKSv0WY0lyqMZUtksXCVJpzMv8AOJQASQmUgAXyLUL2+zxe0LC5ljBy1FkrJ4vNPk59RFfcFAAz102FB95JX+cbHupQukuWfIpZIHHKglutYqUSgSAtiA+09j0DcKxNKLqE0YSYQ+c9PdN5l46IV4ejeDxzTh846JYtzWkgmp1cAEiwLjXXaP6wUSmOZ2oUhvumpprrCSSWBYMQ5ajVP5dImdPpWoSmhNKGnc0j8j/wfX2NaTinoANA466nkBFUYtagA/Ulq133sTGZImu+WjJzEbxu5lhffCkjFKUAuorYgUAIrx+JUbdScr3bMKEdtjcwqioKJoQqmj7j56wREwk1JLO4017jSE04pgcwqosAWMEkYgJo7lxU6vpEyTWybLoiWM5jRCd/wpGj8eP0IPOxmUs4oLbNFbvhbeIyZ2MJckUCVOQWDUAPZ6fjBFz0TGmaLFN5LOeb2Ed49XWj5OboQfg1k4h6EClichJfcCmkRMmpdlCmuzLbrR+ojNnSmKlWLFI1BFAeTFoYw07fRwL3vU+rCPRD1Sqvfc5y6SD9g3uEfEkIKSWbJLajbgDugc+W3whA3vkcWdiQT+sQucVqABZiQNRcg6t+kBWid7wimULYV+zSh4xteqz4RmXRx8MP7tYGYqCqfZUoeSQ0Qgqaks/1KcF97VES5ALkh1EMbiz/APjFFEkqAc2ZtMpA14v2jovWP9pzfR28jYmONpI5BSj6tAJuJQKZUkilZiA39x+cBCEEvUNo9wx7xKSpiAClq03Uof4nO/7Mdv6vTt7Gezlf3FJi5bt7hBGrLSovyCmPKG0BP2UkA6Mn0BcdorOlJdyxYioAchrDXdAp5SGIRUCqipQoW3hmN/nHSl6lSk+CT6aSQSaiXT3mdn1Kktwq0EmYDD3yKLnTMOF3cwBE5RcKpmtQEcakbq/pF5CdpsymId67tatQtbdaOy66g7bnPBUXgB+7pAfMFBzYqNdzAn1EdN8PlJDhSnIo6mpyBAgiMDmU4mlwKukdFORRuUcrw2aF7OIKd7oQRahLprHXPTaumjOiQlh8IGrMBH8RZx5+sEOFKiQDJKRpnV1qDDhkzX/+JO8jJLT55X0iszDT0s08P/S+uhoT2ERVqbV0HGVxBBVLcZpCU6PMmKLcLD1iZWIBAee+mwZgr1h9Uqflf37k3CkSddKiLqXOOUBTP9ooknS7BYvyjpqS8ksJ4iSojZmLHNU4A7qvTtESPDpiq59r/wDJmBu4PrDicVNSKziSBcyUZT2JIDQhM8XnOTszE7koSG4uSIuwVwifCnVWbUCo/bC/HQGF14EoNfftwxGYd7imsdJ8fWsEKSq7Ulultxy68IqvFpD5paBl+9Lr3UDEsi7g/eywMwVPYfxvXS4Lxq4XFBSA82YQA/8AlgsekqsYqPEkZxmOGY6JCUseKstYeTj5bsZ2HQSaNOQBydneImg0OTpZIBMxWUioMpJ40aWIFjMKCm6cvGRnNOBHV4pI8RkgkHGJf+HEhQp1FYJMxElVp61OGpPWPMln6xq6ZN0LolOHCwxt/gJtp9oekdFJiEOdqf8A/wBcz5KiIzY1cbOET9tRAIDgHXZOutLcTF1zASUgBmbLuoGfuKcYTxGKq42mBYN8TFn5G0X2yH1NDT4tkEjdqqvCPyB9loMqWlwRYgMHfZrXi5fvBf2YJSK0LgOa2LE795/KE5LlipwxfVxXKA/EpP8AcKQVEk5nUxSQSGOuYsw6M/VrQuA6PD65m3F70/GnO0KzSQpZAKUsQCRmFQQGaugIhqXPJsnIEu76lJLin9URJnlSUoyguu2myC/oPOFxZISwaytyUUAyAHRlU8jWHpEhLgJG1noGs+Wu56cqxRGJTVLg7egI0q/a8MLxGWibuE3ajgm+lW/WDYSJlEMaUQCA+pzUro97b4j9izIJIvUkasCzcHFvWBIxLJIoCWfg4UTe1/KLqxQy5Xdi5IPOnMfhGbi6CJmpACiwIrbW3yPlA8bijnYOQKq412m5MKboUx3iSES9sEPRj8XDzLvzgMqcklRSoZiDZqZkqYvbW0VIX8GhPxgK3oAVF8xF2YAcstekdJx6TNOlWO7WMqTh1JWFZSAUJLE/aJUSGPCHcVhgpklIAFVFL7Qy9moX3OIrSI0XmTwSUuaul/uuRZ+FucNyTRVaOwHDf6xjTvEkS0hah/mPYNZm5KHHjC48RzOEgjZCiP6SUh+aU9+ENDsXTweiyGzsQGqLl6+RaF8QsB0k6s2pIFPrV4y0Y5SZiZZClkyweVKHcWIAO9ouucpS8pSCs/Cn+MgsVAjQ/VozpZloemYhmKbAZTob7m3DnB5Ks4KiWSQ9aaC43NXpAMNg/d3ALnbJGjCn/LzgvuwkEAAUelPhenme8R/oaSJiue0Q1276CCTAwCXbUOanTyaBe8yBall2KiwsC9qaOItKnJmBwaPcgPUAa9YXZlxLGWXckmlasas/y7RaY6gAAHu7Pwpz3/jHTpbJcsGdm5jnvi4li5LJGp5btIanySyFVpdb9G04MN4pXjBM5TmLNVhXgwN6D4e8BJCSG+G7vZIZ/Q9+ESvFBVXoSAeFUv5WjWqRmyHZWLSxcWe7BgKjvXyiqMcLJBc/xOAdLJhdMrNR9LHcaB+bQ0uUkfC5JOa24mnT5R6KXW1aeyZiVGMvB0zHqqEy0kbyspuW0SfnCoxINPdyxmoD705np/8ASe5vE4nEBKnYgOSGexSCCeLuGiBiWOXISw0AsCkmpPOkeyl6pNf3o5y6WPgIhU1ktR7gzQR2Un8ILNmLSmqUKfUq4crQDFSwCVMKsQGD0yig/tu9zAkHMxzM3504mO0vV1b8UY7XfdlcTPJUEiW2tJoDhqfGg9npETSaH3IO7/EljrasOSguo94QSA1RR0350fsIrNxiyTXZApQUI1e+vRo2vVIW3uO1l4BBSRQ4ZT8JiB/5j0joZw0wFIKlsS7jKd54R0Z/qn6NdpLkyMOlIUFkPsqAN+BtZVR2ERjsQw2FNlGofMwcht7F4B75SF+6SAUpCaglmUcqmL1LFxfu0I+EqIWqbNUCkBVFUyNmuk1FSnietPj6fJ9Bq5sYLMoZs1EhwHDlJAJLXFXHWJnzCkBORQUQCnhtUctxPaFZXiadpdQwGQ0cgoICRWgcGhNzAPDfGpJCVrU+W70sDl1a4BbR+MTQ+DJsS5BzlCmobl9XoRv16wbET0DgwYMHNSzDVmAMBxHiMlTLTMAEwm1g0uh/mZT9t0Zp8TkiYwyqKUvtMSlIU4H81RDG2zWxpISgGZloa1Gg1UN5Cn7RQICnLKUUg1JqN96u58hC0vxaUUzaAEBqm5UAWG+r6wt4l7SpQgKFSpLaEMkGt2GlDU9oKm7gfXhgQrZKSt2bmKkm1FN1geH8KUpCXISM17F6FiXdxv5x57Ee0hMhKgllApJ0owL0Ooy14iCYn2hJJqMoAWz1qAaaGut6xrFMzdG7J8PzpUJiwpStkEPY247vqxZXg4RlNABQAAVZailzyYd48uPECrFZ0qHu2dIU4ILEgtYMw6kQbF+N5wkmYRnWCoh6JyqS7MGJWym/hG8xrFLkbHq8VJ0J+FizUAJJSX5OH4ReTKAAykOo5QKMSDXiwdR/WPKzvGxLM91LWjNsJBAZ1KOyRUsCHHGKYb2kCUyxtAtKJoaEr2w5FX38eETCy6kem8U8NlznTMTQEMzgA30qLfQg+Aw6UpKQhqgW1DsKcA0eZHtUtacuRW2qygRc6nWzwz4d7SpWkAp92hCgbHMyQosTZrV5jWkxSsTY3hgklQWlJKksAa7/AIaf0+e+B4bDpJBJdVxdgXLcXdqcIxV+1KgpaMuRiSlehSWIoa5tA2+147wn2hQVAZAklSjcsQXJValg5474YZWJsemIDFYFKUpbTrQROXML7WoJHCzbm9I8uPHs0t5RASCpRK3AUopIAtRzXg0XV7UlKhmQFtlBIIFcwBOtQCTe+msZwNl28m/OwmYqIIAuabqu1qVrzgU5GUgIBDl+D1fz+UYivHwkFRSTmUEEOTshJKm0dyO5pWB4DxeYSSpCwSVLQMilZcwLVSCARVnZzQXiqjIbcnpJ4/xJWYgOCL0LJBPk8BnrTmAK9HpUULa2AIN98ZQ8X+LPLUnIkzAo3GyUFkh2LNs8dAYxz7Ql1sigy5Sp6hllQLC7lhz1gqLJZHrkpTlALkm1t4P9tQI6XhUqzBmcuCKhwzaWNukeST7QLVtlJBAt8LBi7Bq1IFKU5x032nm5WlpU6TVYFkgkUehqU6VeLgkNMT3EuWlIFgRZ9GUC3Gr15QCdiUyjmLOBmd946aEeUeMkeMYnMMyFGW6QftqLKSV0H2iBc6gV1geL8RXNmEKlqASkWegzgMrgQkWqX5w7dj8T3E9aUpJIO0oZd5L5QK61Yb4vicVLlj4hRLVp8IIJrYu/Y7o8ZjfaWeoN7iYSyRnYgsAQ7aCgLBnbS0IeMeLmagpUhaRmS6qFTJaxLJBLmlesRUH5NO3g97KxZWhSwAQGrWjlPzA7QvPnpJKqOCkEagly/p0MealeKkIKUy5wzUGzmAZmpajnUQGZ4jOWE50KQpwFMkhyljmU5tU0/OLgYdmexw60FTZtqvK5Dl9H9ItNlB2ewoN+iuYoY8IrHYtSllCSBlFSADlYk0BaqnL8OcaWDlYtKAsk5SohWUIKlHNb4tlBZIpWm4w7d8k/E9EpG9coFhRQrbWsdGF+/wBYvhEKNyVO5JqelacGiYzhkW0AUr2XUKlRBS3xEaNSo0L+UFlezWgnbyqhL5iHqzNQUj3YVT4jyOZUQiS42spJswakfXfTrweLOzysr2XkZFAkGzVA2mO9PGLYn2RlKNEqYgD7BYCtGTb60j1kqUgBsxTwf/sTB5ckb/8AiPSNqhdWM5WmeD8R9kEMkBRSNzM3FwniRC0r2NRnUQoFxooB9Tcb6vH0SdLrRKueb5RWXhxuFe8F07uV19jxGK9i3SMoWDV2IKSSLkBOnOC4n2TlBOVyKAF0s4GhozR7UYYM9B/STBChQFHPSNduvK/9/BnO+TxqfZVKwli1QSzMWA/hMWxHsnLzAqCeIJF97kcBHsclLDuR8osUD7x5ZovbRtYy68rnlpXszJcn3SbEO96C5Ca2FzFpvs1LPxCu8KA86GPRmVrtE8CT84vKRxPX9Y3gXBMr5PHzPZNGYFClCtRnJBfc4IBfnYQ6n2eAIID6EkglnOoArUtHo1or+RHzi7fVDE7eNt0XNK+x5XC+zKANpEwkk3W4qXdszdWeLTvZCR91aeAWQ+tWNY9OiW1mPlBAn6cRpdPG1kR1pXMSR7PSRQJBrqSw5NSDfuGTQlAcO3I3rGqz6fOLNHVUIL3Rh1ZPyebT7Lys6VB2TZOyQ5uaB3qYaHgUt3y7tA3xFWoO+NfKRYxZzz84uCBMsjEV7PynJCfiU5DBt1qQaR4WhIIyhiPuH1tD9QbDs3pFs4PxfOLGjBeCOrJ+TD8Q8EQtwFZAbhKUh62s8VR4QgFzWgG0lNg+t/ONs5OHVzFRKANCOTxe3pe9hmnyZU7wyWQHyFg270UIH+6gQEpSkpLZql2cUDXtqaRsLlpO7uIqnCp0od6fypDt6fAzTKS8GkFmO+5anMwrM8JluSU3DWB9eUNrVQn3hpeoHqIqiaWfM43s/pDtoPwiZpcihwssM6VMKfAT6CFJ3s5hpgbK2645UcQ9MxahZQ/9Nf4wCZ4jNB2RKVzzpPoYdtDguaXIeXgJSQwy9fzgGIwQJ/y0kFqgoFn48YN+8C1RL6TB6KAiiPEwL5W4GXTsuLghwTLLkPhsGgJbIP8AafnDicOMrANCCJyVVCg3BJ9RAcQJYLkrbgZnoFRcMV7DIwy/Dw+nnHQsVy/vnqqa/rHRMEOBkkaSW0fuYsOZ7n5wiiWBUJSDw/GGZWIe5A4OHhoJqDBosFfX0IApThwxHGvyispQNQKj+YfhGlEy5DWYm5fpEj6vCxnNQAvzpHS55HxAh95eGMusafpFTMD/ABEHl+UDVMf7IV0HzgHvtpvdhNHfM3pFUDOoeRM0zE9IlVdYWVigG2mfefyjpU5ChmzhuBEHEqYwSd0UKBu7frFffAWU++ImYgOxDdB6wURcslA4jr+ccqY32x5wETyDVBI4RK8Wln2g29CvwjVv0S4xLmP9ofXWCKQo7vT0jLw/iiVvUBvvBSPUCGUYoH4Sg8pkSwuMFB/Q/IxWZMA0PT9YAvFq/wBNxwUn5tBUTwfsqHPKfRUWwCpxCf1aLZUmoSPKFVYlOqVdoomek/ZNdyD8hCwuPjhSKkq4dozhPH3iDxSR6pi6sQ1c46p/SGkXHS/Dz/GKFRFkjoQIU/estPxTUddn1MXT4nKNBMQTwUPxiWKGVPV9w+sQmYo/YPf8oqmeDYg9Un0Mde4HaLYlwrHcr+5/WBrWPuqfl+EUXNSNQ/8AOYjMTv8A7j+EBcqZgcBj1pBk8vOAzJbVzKHMpPrEEq0mHsn5RQGmKG4/2kwEpSLpcfymOdbB1eX6wRlnVIbUuB6VPARPYGfOlyjeWDzQHhOZ7kVyZf5Uj5CNrESJqQDmQbcSxDg2tC6pU1rprT4aPR9eI7xblsYyvEMNqtT/ANY/8Y6NNSJ28f2j/tERLiwlKZTZVF+JVBkSAQQT5P8AKOjoXMsrg5SEqOWYX3BwPMRdEtztKKuFx5pjo6NEuEyJSCwyjeB+EWmKDhOdQJsXP4x0dAgdMgoqSTxNfJ4TnrmrIKTlSLhgCeoJjo6Incr2CK98GL5geLd3FYrjZxRtLIpuf68o6Oi3IAT4gCXIHdR8iAINhp5UpyeV366GOjoFLLK1O6SRvcJbsr5RMghVWNNTX1Lx0dFRGUnTVpWwIUL2AputB5eGzhyhX9RSfQx0dEBeTgEg0Dn+Yj0iVSlA6Adz5x0dET3LYTyrKmSvOQapLppzFIUnYhyUlU4EUZPu2fqHjo6NMIqnxUS1BKp60l2IXLSp+qI2MRKmLSCFhuQ9CD6xMdHPUaaMmejIHmAEPTKD/wBx6Qp+9cKTlzKSdQUk+io6OjbYirjKcLhVozJY8woREnwmUsZnUP5VqSP0jo6BluxGL8OkAMZkz+5R9RApXhiC4Ripo3MT6NHR0LC7HJPhk0WxUwkbwLdqwdWCmUaY77/yEdHRPYXuK/ss5BO1Qbi5/wBxg/hs2ak51LJSaFJCQ4rqASCLgtpHR0W10W9h1GJW6zSYAHSVtmcswYDKE3LAW4xSd43O1RKar7Sg4NT9k1Ktp+lqR0dGMcTeRmWfE5yqvKD6DO0dHR0a0ojkz//Z",金城湖是客雅溪出海口北岸的半天然湖，潮間帶有著豐富的海濱生物，吸引鳥類到此覓食，周圍茂密森林，提供鳥類隱蔽的空間，湖中央的兩塊沙洲就成了鳥類棲息的場所。遇到漲、退潮時，鳥類雲集停歇覓食，是港南最重要的賞鳥據點。
港南濱海風景區,新竹市海埔路600號,24.823062,120.911036,http://tourism.hccg.org.tw/tourism555/program_img/hot/hotL/201503091627513049.jpeg,港南濱海風景區位於新竹市西北方，佔地廣闊、景觀優美，為假日吸引民眾前往休憩的一個景點，是西部濱海公路遊憩系統的重要休息站之一。
新竹市役所—新竹市開拓館暨美術館,新竹市中央路116號,24.80652,120.970717,http://tourism.hccg.org.tw/tourism555/program_img/hot/hotL/2015022617245184784.jpeg,新竹市役所建築主體以日本傳統建築屋頂，融合日式趣味裝飾及西方近代建築屋身，常見於1930年代的官廳建築。現為新竹市開拓館暨美術館，館內除了定期的美術作品展覽，並展出新竹市開拓史的沿革紀事。
國民戲院—影像博物館,新竹市中正路65號,24.805201,120.969529,http://tourism.hccg.org.tw/tourism555/program_img/hot/hotL/2015022617333712353.jpeg,1933年啟用的國民戲院，昔稱「新竹市營有樂館」，是全台第一座有冷氣的歐化劇場。建築形式融合羅馬與阿拉伯風格，牆面裝飾幾何圖形和花草圖紋，為早期鋼構建物，整建後蛻變為台灣第一座以電影為主題的影像博物館。
消防博物館,新竹市中山路4號,24.806713,120.96843,http://tourism.hccg.org.tw/tourism555/program_img/hot/hotL/2015030314452614811.jpeg,建於1937年，六層樓高的瞭望台是當時全新竹市最高的建築，消防員從瞭望台判定失火地點，再利用傳聲筒通知消防員，頂樓還有用來通知的古消防警鐘。消防博物館展示消防文物與歷史，也是防火救災的教育功能展示體驗區。
辛志平校長故居,新竹市東門街32號,24.804611,120.974259,http://tourism.hccg.org.tw/tourism555/program_img/hot/hotL/2015030314551623647.jpeg,辛志平為新竹中學校長，校長故居是日式建築，建築四周圍繞著庭園，有著日本大正中期官舍和洋折衷風格，室內空間自玄關、走廊與室內起居室、書房等井然有序。校長故居原已頹圮，整修後用於舉辦藝文講座，是文青新據點。
國立新竹高中劍道,新竹市學府路36號,24.795341,120.981074,http://tourism.hccg.org.tw/tourism555/program_img/hot/hotL/2015030315070215918.jpeg,劍道館建於1926年，是台灣現存武道場中唯一採洋式風格，為磚造木構雙折瓦頂的建築，山牆面呈現高聳的尖形山峰，牆面是清水磚，仿造西式建築的扶壁作法，透過外凸的磚柱，將屋頂的重量引導到地面，雖經修建但仍可見當年典雅風格。
台灣菸酒公司新竹營業所,新竹市東門街59號,24.804234,120.972335,http://tourism.hccg.org.tw/tourism555/program_img/hot/hotL/2015030315040322955.jpeg,台灣菸酒公司新竹營業所日治時期稱為「臺灣總督府專賣局新竹支局」，前身是「台北專賣支局新竹出張所」，1935年完工，建築本體受到現代主義影響，強調水平線條，裝飾優雅，迥異於繁複的巴洛克式，在當時是非常前衛的設計風格。
香山天后宮,新竹市中華路五段420巷191號,24.769484,120.914926,http://tourism.hccg.org.tw/tourism555/program_img/hot/hotL/201502251314315818.jpeg,香山天后宮奉祀天上聖母，是本地漁民信仰中心，整建於1825年(清道光5年)，1876年（清光緒2年）重建竣工，地方人士敬獻的「靈昭海國」的匾額，至今仍懸掛正殿。1924年(大正13年)再度重修落成，三川殿前的石雕構件古樸，雕刻手法反映大正年間時代特色，殿內古匾額和壁飾也傳承人文風華，為見證香山地區信仰之文化資產，已登錄為歷史建築。
朝山陸橋,香山天后宮前方,24.770419,120.9144,http://tourism.hccg.org.tw/tourism555/program_img/hot/hotL/2015032415010411394.jpeg,朝山陸橋也是個美麗的景點，這個陸橋橫跨西濱公路，連結朝山社區與香山濕地，陸橋的外觀很特別，是一個類似船型的陸橋，陸橋又有個綽號叫鹹魚翻身，看起來像魚又像船。在陸橋上面，社區的風光一覽無疑，在面向大海的方向，沿岸有巨大的風力發電機與廣大的溼地，風景真的很漂亮，新竹最有名的香山夕照，就是在這個景點上。
外媽祖長和宮,新竹市北區北門街135號,24.809002,120.965596,https://upload.wikimedia.org/wikipedia/commons/thumb/6/6b/%E6%96%B0%E7%AB%B9%E9%95%B7%E5%92%8C%E5%AE%AE_%287%29.JPG/405px-%E6%96%B0%E7%AB%B9%E9%95%B7%E5%92%8C%E5%AE%AE_%287%29.JPG,建於清乾隆7年，位在竹塹城北門外，所以稱為外媽祖廟或外天后宮。長和宮各部裝飾十分用心，其中三川殿的牆堵石雕仍為清朝原件，所供奉的媽祖為關節四肢可以活動的「軟身神像」，頭上所鑲頭髮，相傳即為媽祖真髮。
關帝廟,新竹市東區關帝里南門街109-1號,24.80395,120.967932,http://tourism.hccg.org.tw/tourism555/program_img/hot/hotL/2015021614514665870.jpeg,清乾隆42年所建，主祀關聖帝君，配祀文昌帝君，廟宇建築裝飾簡樸，不僅沒有龍柱，大門口也以一對石鼓代替石獅子，更特別的是關帝廟具官廟性質，所以廟門不繪門神而是用門釘，每逢考季學子前來祈求考運亨通，絡繹不絕。
竹蓮寺,新竹市竹蓮街100號,24.799139,120.970272,http://tourism.hccg.org.tw/tourism555/program_img/hot/hotL/2015010913114856938.jpeg,創建於清乾隆46年，當地人稱為觀音亭，寺中主要奉祀三尊觀世音菩薩，其中最小尊的三媽已有300多年歷史。竹蓮寺建築風格以閩式建築為主，廟頂及廟樑採用玻璃剪黏拼貼各種麒麟與龍身，全寺莊嚴細膩，深具藝術及保存價值。
天公壇,新竹市中山路431巷36號,24.79964,120.958782,http://tourism.hccg.org.tw/tourism555/program_img/hot/hotL/2015021615015080849.jpeg,最早興建於清乾隆年間，1913年由本地士紳等眾募集銀錢重建，原稱金闕殿。新竹天公壇擁有二百多年歷史，是台灣少數主祀玉皇大帝的道教廟宇。正殿主祀玉皇大帝，配祀有：三官大帝、五榖先帝、托塔李天王、文昌帝君等神明。
普天宮,新竹市高峰路306巷66號,24.780827,120.979099,http://tourism.hccg.org.tw/tourism555/program_img/hot/hotL/2015021614583835203.jpeg,位於寺廟林立的新竹古奇峰，「古奇遠眺」是新竹八景之一，高120公尺的關公神像是名聞遐邇的地標。主要奉祀玉皇大帝與關聖帝君，寺內同時也是宗教歷史文物館，包含武聖關公歷史館、中日古董樓、古董木眠床等。
開台金山寺,新竹市東區仙水里金山201號,24.777762,121.015514,https://pic.easytravel.com.tw/Attachments/5/3418/m/001.jpg,金山寺是三級古蹟，建於清咸豐3年，建築風格古樸，主建物是清朝中期的建築，單進三開間帶左右護龍，正殿和左廂房至今仍保持舊有建物，濃厚的常民歷史感有別於其他廟宇的風格。
北大教堂,新竹市北區中正路156號,24.809359,120.966377,http://tourism.hccg.org.tw/tourism555/program_img/hot/hotL/2015021615114862282.jpeg,北大教堂，1957年落成是天主教的信仰中心。建築近似哥德式，以凸顯接近天堂上升的形式為概念隨處可見向上概念的尖形線條。
孔廟,新竹市東區中山公園,24.800262,120.978403,http://tourism.hccg.org.tw/tourism555/program_img/hot/hotL/2015010912054925108.jpeg,原為淡水廳儒學學宮，清嘉慶23年起文廟開考入學，新竹學子終於擁有自己的學堂。新竹孔廟在清代時為官廟，大門不繪製門神，而是以門釘為防禦。
新竹生活美學館,新竹市武昌街110號,24.803479,120.967475,http://tourism.hccg.org.tw/tourism555/program_img/hot/hotL/2015031815222411242.jpeg,建於1921年之後，主體建物是日治時期公會堂建築，兩側柱列相當精緻，東側外廊道保存迴廊拱圈，融合臺灣傳統建築與西方設計手法。自新竹公會堂至今日的美學館，均常態舉辦藝文，長期提供美學教育，深具歷史意義。
新竹眷村博物館,新竹市東大路二段105號,24.81417,120.967162,http://tourism.hccg.org.tw/tourism555/program_img/hot/hotL/201503241402052026.jpeg,常態性展示並保存眷村生活用品與文物，重現眷村生活的小角落。入口大門以眷村紅門白線的傳統造形設計，廣場展示著空軍軍用飛機副油箱水塔，館內展示眷村歷史、生活情境，與文化特展，走一趟博物館等於重新 認識了眷村生活文化。
黑蝙蝠中隊文物陳列館,新竹市東大路二段16號,24.812124,120.969744,http://tourism.hccg.org.tw/tourism555/program_img/hot/hotL/2015031815462095368.jpeg,黑蝙蝠中隊是1952年美國中央情報局在台工作站「西方公司」與空軍的合作，1953年部隊遷至新竹基地，1958年開始稱為「黑蝙蝠中隊」。文物館內重現了大時代的故事，述說當時的任務與歷史、殉難的英雄，以及黑蝙蝠實體文物。
新竹鐵道藝術村,新竹市花園街64號,24.804253,120.976886,http://tourism.hccg.org.tw/tourism555/program_img/hot/hotL/201503181529253724.jpeg,原來是台鐵建於民國30年新竹站的3-5號倉庫，濃濃的日式風格，從閒置空間廢棄角落結合舊倉庫的記憶，走出當代藝文空間的時代意義。藝術村內擁有展演廳，開放藝術家駐村、展覽或活動策辦，是欣賞藝術的交流平台。
春池觀光玻璃工廠,新竹市香山區牛埔南路372號,24.794374,120.932399,http://tourism.hccg.org.tw/tourism555/program_img/hot/hotL/2015032414030648218.jpeg,原本是傳統的玻璃製造廠，在政府的協助下成為一座體驗玻璃文化的觀光工廠。只要事先預約，即可在老師傅帶領下，在高溫的電極式熔爐綠能廠區，觀賞師傅現場製作吹製玻璃，領略新竹玻璃的魅力。
古賢飛機模型陳列館,新竹市東大路三段110巷15號,24.830386,120.957055,http://tourism.hccg.org.tw/tourism555/program_img/hot/hotL/2015031815413442543.jpeg,古賢里就在新竹空軍基地旁，平日難得一見的戰機經常自頭上呼嘯而過降落身旁，古賢里因此成立飛機模型陳列館，選定依實物比率縮小的飛機模型陳列，三樓還可看見新竹空軍基地跑道，是全台獨擁的享受！
康樂農村文物陳列館與輕便車道,新竹市東大路三段335巷31號,24.835923,120.943098,http://tourism.hccg.org.tw/tourism555/program_img/hot/hotL/2015031815540485845.jpeg,康樂社區昔時為康榔庄，是日據時期州道及輕便軌道途中要道，里民提供舊時家傳文物與生活器物，成立了文物陳列館，重現當年生活光景。康樂里至今仍保留有「輕便車」，如今軌跡多數已湮沒，但康樂里還重新架設一小段重現舊回憶。
科學園區探索館,新竹市科技五路1號,24.783214,121.005341,https://lh5.googleusercontent.com/proxy/fuBG4xal68mEYiy-nCgZ4K6apAcGY7YHELcZA1VvNiZxAgrfmk9ZQKIMobMr6Rtr7dt0WIzEj8dS78mIS34MzQDM7BWRp38vRNr9YXV26GVdCgWxkQTQc90XZ9iwJ4YVtG_eqDJPkdR6FqQIRaSbQYB2EcKYBX0=w297-h200-k-no,科學園區探索館主要展示台灣高科技產業、科學園區發展歷程相關文物，讓民眾了解竹科從早期的王安電腦，到現今區內產業軌跡。 探索館常態展示以園區發展史、台灣產業、科技相關文物等為主，而特展區則規劃近期產業趨勢，如雲端設計、新式平板等設計產品。想要了解竹科從過去的蔗田、茶園，到如今點矽成金的歷程，探索館歡迎以預約方式由館內安排解說員。
李克承博士故居,新竹市勝利路199號,24.801411,120.964043,http://tourism.hccg.org.tw/tourism555/program_img/hot/hotL/2015031713271830153.jpeg,李克承先生是新竹第一位醫學博士，懸壺濟世五十年，備受各方讚譽。李克承博士故居約興建於1943年間，是日本傳統和式建築，但採用現代主義建築流行風格，多由線條構成簡潔的圖樣系統，且具備歷史人物空間特色，是具代表性及地方特色之文化資產價值。
槺榔驛,300新竹市北區東大路三段430巷23號,24.836651,120.943752,http://2.bp.blogspot.com/-ls-hvA5Hyyk/VipgB4l4exI/AAAAAAAAFKo/ec6zRf0qpWQ/s1600/IMG_6289-1.jpg,這木造的小車站與古輕便車道為日治時期所建，昔日運送貨物的任務已被時代所汰換，如今遊客搭上古輕便車慢慢繞著槺榔庄前行，沿途會經過民宅，欣賞大自然風光與田園樂活氣息。
